test-apps/flutils,flutils.codecs.b64
test-apps/cookiecutter,cookiecutter.replay
test-apps/youtube-dl,youtube_dl.postprocessor.metadatafromtitle
test-apps/typesystem,typesystem.formats
test-apps/flutils,flutils.setuputils.cfg
test-apps/ansible/lib,ansible.module_utils.facts.other.facter
test-apps/ansible/lib,ansible.plugins.filter.urls
test-apps/PySnooper,pysnooper.utils
test-apps/ansible/lib,ansible.utils.color
test-apps/ansible/lib,ansible.plugins.inventory.auto
test-apps/ansible/lib,ansible.plugins.action.debug
test-apps/ansible/lib,ansible.vars.clean
test-apps/ansible/lib,ansible.utils.context_objects
test-apps/ansible/lib,ansible.modules.getent
test-apps/ansible/lib,ansible.plugins.connection.psrp
test-apps/ansible/lib,ansible.module_utils.facts.hardware.hpux
test-apps/ansible/lib,ansible.playbook.task
test-apps/flutils,flutils.pathutils
test-apps/dataclasses-json,dataclasses_json.core
test-apps/ansible/lib,ansible.playbook.conditional
test-apps/ansible/lib,ansible.plugins.strategy.linear
test-apps/ansible/lib,ansible.module_utils.facts.virtual.sunos
test-apps/ansible/lib,ansible.modules.systemd
test-apps/ansible/lib,ansible.modules.lineinfile
test-apps/tornado,tornado.simple_httpclient
test-apps/ansible/lib,ansible.parsing.splitter
test-apps/youtube-dl,youtube_dl.swfinterp
test-apps/typesystem,typesystem.fields
test-apps/ansible/lib,ansible.executor.play_iterator
test-apps/ansible/lib,ansible.playbook.play_context
